timestamp, power.draw [W], clocks.current.sm [MHz], clocks.current.memory [MHz], utilization.gpu [%], temperature.gpu, memory.used [MiB]
2026/10/05 13:07:27.808, 41.29 W, 2610 MHz, 10501 MHz, 2 %, 50, 0 MiB
2026/10/05 13:07:32.815, 48.01 W, 2610 MHz, 10501 MHz, 0 %, 49, 0 MiB
2026/10/05 13:07:37.817, 48.23 W, 2610 MHz, 10501 MHz, 0 %, 49, 0 MiB
2026/10/05 13:07:42.819, 5.53 W, 210 MHz, 405 MHz, 0 %, 47, 0 MiB
2026/10/05 13:07:47.821, 4.70 W, 210 MHz, 405 MHz, 0 %, 47, 0 MiB
2026/10/05 13:07:52.823, 4.70 W, 210 MHz, 405 MHz, 0 %, 46, 0 MiB
2026/10/05 13:07:57.825, 4.67 W, 210 MHz, 405 MHz, 0 %, 46, 0 MiB
2026/10/05 13:08:02.825, 4.71 W, 210 MHz, 405 MHz, 0 %, 46, 0 MiB
2026/10/05 13:08:07.827, 44.73 W, 2610 MHz, 10251 MHz, 1 %, 48, 1681 MiB
2026/10/05 13:08:12.829, 61.56 W, 2850 MHz, 10251 MHz, 0 %, 52, 9599 MiB
2026/10/05 13:08:17.830, 50.74 W, 2610 MHz, 10251 MHz, 0 %, 48, 21833 MiB
2026/10/05 13:08:22.830, 284.99 W, 2835 MHz, 10251 MHz, 100 %, 61, 22161 MiB
2026/10/05 13:08:27.830, 296.22 W, 2820 MHz, 10251 MHz, 100 %, 71, 22161 MiB
2026/10/05 13:08:32.831, 403.58 W, 2820 MHz, 10251 MHz, 100 %, 76, 22161 MiB
2026/10/05 13:08:37.831, 398.85 W, 2820 MHz, 10251 MHz, 100 %, 62, 22161 MiB
2026/10/05 13:08:42.832, 294.54 W, 2835 MHz, 10251 MHz, 100 %, 61, 22165 MiB
2026/10/05 13:08:47.832, 283.95 W, 2835 MHz, 10251 MHz, 100 %, 60, 22165 MiB
2026/10/05 13:08:52.833, 283.44 W, 2835 MHz, 10251 MHz, 100 %, 60, 22165 MiB
2026/10/05 13:08:57.833, 283.64 W, 2835 MHz, 10251 MHz, 100 %, 59, 22165 MiB
2026/10/05 13:09:02.834, 283.60 W, 2835 MHz, 10251 MHz, 100 %, 59, 22165 MiB
2026/10/05 13:09:07.835, 342.66 W, 2820 MHz, 10251 MHz, 100 %, 72, 22165 MiB
2026/10/05 13:09:12.835, 419.85 W, 2820 MHz, 10251 MHz, 100 %, 63, 22165 MiB
2026/10/05 13:09:17.836, 357.10 W, 2820 MHz, 10251 MHz, 100 %, 60, 22165 MiB
2026/10/05 13:09:22.837, 283.48 W, 2835 MHz, 10251 MHz, 100 %, 59, 22165 MiB
2026/10/05 13:09:27.837, 283.85 W, 2835 MHz, 10251 MHz, 100 %, 59, 22165 MiB
2026/10/05 13:09:32.838, 284.16 W, 2835 MHz, 10251 MHz, 100 %, 59, 22165 MiB
2026/10/05 13:09:37.839, 284.32 W, 2835 MHz, 10251 MHz, 100 %, 58, 22165 MiB
2026/10/05 13:09:42.840, 284.69 W, 2835 MHz, 10251 MHz, 100 %, 58, 22165 MiB
2026/10/05 13:09:47.840, 388.51 W, 2820 MHz, 10251 MHz, 100 %, 72, 22165 MiB
2026/10/05 13:09:52.841, 409.03 W, 2835 MHz, 10251 MHz, 100 %, 60, 22165 MiB
2026/10/05 13:09:57.843, 306.53 W, 2835 MHz, 10251 MHz, 100 %, 59, 22165 MiB
2026/10/05 13:10:02.844, 282.74 W, 2835 MHz, 10251 MHz, 100 %, 58, 22165 MiB
2026/10/05 13:10:07.848, 282.38 W, 2835 MHz, 10251 MHz, 100 %, 58, 22165 MiB
2026/10/05 13:10:12.848, 281.86 W, 2835 MHz, 10251 MHz, 100 %, 58, 22165 MiB
2026/10/05 13:10:17.849, 282.33 W, 2835 MHz, 10251 MHz, 100 %, 58, 22165 MiB
2026/10/05 13:10:22.850, 326.26 W, 2820 MHz, 10251 MHz, 100 %, 69, 22165 MiB
2026/10/05 13:10:27.850, 430.01 W, 2820 MHz, 10251 MHz, 100 %, 67, 22165 MiB
2026/10/05 13:10:32.851, 360.04 W, 2835 MHz, 10251 MHz, 100 %, 59, 22165 MiB
2026/10/05 13:10:37.851, 282.04 W, 2835 MHz, 10251 MHz, 100 %, 58, 22165 MiB
2026/10/05 13:10:42.853, 59.63 W, 2850 MHz, 10501 MHz, 0 %, 48, 0 MiB
2026/10/05 13:10:47.854, 12.49 W, 210 MHz, 405 MHz, 0 %, 43, 0 MiB
2026/10/05 13:10:52.854, 4.95 W, 210 MHz, 405 MHz, 0 %, 42, 0 MiB
2026/10/05 13:10:57.855, 4.95 W, 210 MHz, 405 MHz, 0 %, 41, 0 MiB
2026/10/05 13:11:02.856, 4.91 W, 210 MHz, 405 MHz, 0 %, 40, 0 MiB
2026/10/05 13:11:07.856, 38.37 W, 2610 MHz, 10251 MHz, 0 %, 41, 1681 MiB
2026/10/05 13:11:12.857, 80.14 W, 2850 MHz, 10251 MHz, 0 %, 45, 9599 MiB
2026/10/05 13:11:17.858, 47.17 W, 2610 MHz, 10251 MHz, 0 %, 41, 21833 MiB
2026/10/05 13:11:22.858, 274.89 W, 2850 MHz, 10251 MHz, 100 %, 52, 22175 MiB
2026/10/05 13:11:27.859, 52.49 W, 2850 MHz, 10251 MHz, 0 %, 43, 22179 MiB
2026/10/05 13:11:32.860, 42.59 W, 2610 MHz, 10251 MHz, 0 %, 40, 22179 MiB
2026/10/05 13:11:37.861, 274.35 W, 2835 MHz, 10251 MHz, 100 %, 52, 22179 MiB
2026/10/05 13:11:42.862, 42.55 W, 945 MHz, 10251 MHz, 0 %, 40, 22180 MiB
2026/10/05 13:11:47.863, 33.35 W, 945 MHz, 10251 MHz, 0 %, 39, 22180 MiB
2026/10/05 13:11:52.863, 33.59 W, 945 MHz, 10251 MHz, 0 %, 38, 22180 MiB
2026/10/05 13:11:57.864, 21.81 W, 945 MHz, 810 MHz, 0 %, 37, 22180 MiB
2026/10/05 13:12:02.865, 13.99 W, 945 MHz, 810 MHz, 0 %, 37, 22180 MiB
2026/10/05 13:12:07.866, 13.58 W, 945 MHz, 810 MHz, 0 %, 37, 22180 MiB
2026/10/05 13:12:12.867, 13.56 W, 945 MHz, 810 MHz, 0 %, 37, 22180 MiB
2026/10/05 13:12:17.868, 13.50 W, 945 MHz, 810 MHz, 0 %, 37, 22180 MiB
2026/10/05 13:12:22.869, 13.51 W, 945 MHz, 810 MHz, 0 %, 37, 22180 MiB
2026/10/05 13:12:27.870, 13.40 W, 945 MHz, 810 MHz, 0 %, 37, 22180 MiB
2026/10/05 13:12:32.871, 31.70 W, 945 MHz, 10251 MHz, 0 %, 37, 22180 MiB
2026/10/05 13:12:37.872, 32.01 W, 945 MHz, 10251 MHz, 0 %, 37, 22180 MiB
2026/10/05 13:12:42.873, 32.17 W, 945 MHz, 10251 MHz, 0 %, 38, 22180 MiB
2026/10/05 13:12:47.874, 32.85 W, 945 MHz, 810 MHz, 0 %, 38, 22180 MiB
2026/10/05 13:12:52.875, 13.54 W, 945 MHz, 810 MHz, 0 %, 37, 22180 MiB
2026/10/05 13:12:57.876, 13.65 W, 945 MHz, 810 MHz, 0 %, 37, 22180 MiB
2026/10/05 13:13:02.877, 13.65 W, 945 MHz, 810 MHz, 0 %, 37, 22180 MiB
2026/10/05 13:13:07.877, 13.56 W, 945 MHz, 810 MHz, 0 %, 37, 22180 MiB
2026/10/05 13:13:12.878, 13.65 W, 945 MHz, 810 MHz, 0 %, 37, 22180 MiB
2026/10/05 13:13:17.880, 13.51 W, 945 MHz, 810 MHz, 0 %, 37, 22180 MiB
2026/10/05 13:13:22.881, 13.54 W, 945 MHz, 810 MHz, 0 %, 37, 22180 MiB
2026/10/05 13:13:27.882, 13.45 W, 945 MHz, 810 MHz, 0 %, 37, 22180 MiB
2026/10/05 13:13:32.883, 33.12 W, 945 MHz, 10251 MHz, 0 %, 38, 22180 MiB
2026/10/05 13:13:37.914, 32.37 W, 945 MHz, 10251 MHz, 0 %, 38, 22180 MiB
2026/10/05 13:13:42.916, 173.35 W, 945 MHz, 10251 MHz, 100 %, 44, 22180 MiB
2026/10/05 13:13:47.917, 90.01 W, 945 MHz, 10251 MHz, 0 %, 40, 22180 MiB
2026/10/05 13:13:52.918, 32.63 W, 945 MHz, 10251 MHz, 0 %, 39, 22180 MiB
2026/10/05 13:13:57.919, 33.49 W, 945 MHz, 10251 MHz, 0 %, 39, 22180 MiB
2026/10/05 13:14:02.921, 33.53 W, 945 MHz, 10251 MHz, 0 %, 39, 22180 MiB
2026/10/05 13:14:07.922, 13.81 W, 945 MHz, 810 MHz, 0 %, 39, 22180 MiB
2026/10/05 13:14:12.923, 13.89 W, 945 MHz, 810 MHz, 0 %, 38, 22180 MiB
2026/10/05 13:14:17.924, 13.82 W, 945 MHz, 810 MHz, 0 %, 38, 22180 MiB
2026/10/05 13:14:22.926, 13.77 W, 945 MHz, 810 MHz, 0 %, 38, 22180 MiB
2026/10/05 13:14:27.927, 13.72 W, 945 MHz, 810 MHz, 0 %, 38, 22180 MiB
2026/10/05 13:14:32.927, 13.57 W, 945 MHz, 810 MHz, 0 %, 38, 22180 MiB
2026/10/05 13:14:37.928, 33.21 W, 945 MHz, 10251 MHz, 0 %, 43, 22180 MiB
2026/10/05 13:14:42.929, 32.71 W, 945 MHz, 10251 MHz, 0 %, 39, 22180 MiB
2026/10/05 13:14:47.930, 32.83 W, 945 MHz, 10251 MHz, 0 %, 39, 22180 MiB
2026/10/05 13:14:52.930, 32.78 W, 945 MHz, 10251 MHz, 0 %, 39, 22180 MiB
2026/10/05 13:14:57.931, 13.64 W, 945 MHz, 810 MHz, 0 %, 39, 22180 MiB
2026/10/05 13:15:02.931, 13.55 W, 945 MHz, 810 MHz, 0 %, 39, 22180 MiB
2026/10/05 13:15:07.932, 13.59 W, 945 MHz, 810 MHz, 0 %, 39, 22180 MiB
2026/10/05 13:15:12.933, 13.66 W, 945 MHz, 810 MHz, 0 %, 39, 22180 MiB
2026/10/05 13:15:17.933, 13.70 W, 945 MHz, 810 MHz, 0 %, 39, 22180 MiB
2026/10/05 13:15:22.933, 13.74 W, 945 MHz, 810 MHz, 0 %, 39, 22180 MiB
2026/10/05 13:15:27.934, 13.71 W, 945 MHz, 810 MHz, 0 %, 38, 22180 MiB
2026/10/05 13:15:32.935, 13.76 W, 945 MHz, 810 MHz, 0 %, 38, 22180 MiB
2026/10/05 13:15:37.939, 13.66 W, 945 MHz, 810 MHz, 0 %, 38, 22180 MiB
2026/10/05 13:15:42.940, 33.94 W, 945 MHz, 10251 MHz, 0 %, 39, 22180 MiB
2026/10/05 13:15:47.941, 33.58 W, 945 MHz, 10251 MHz, 0 %, 39, 22180 MiB
2026/10/05 13:15:52.941, 168.50 W, 945 MHz, 10251 MHz, 100 %, 45, 22180 MiB
2026/10/05 13:15:57.942, 34.28 W, 945 MHz, 10501 MHz, 0 %, 40, 1 MiB
2026/10/05 13:16:02.943, 16.52 W, 945 MHz, 810 MHz, 0 %, 40, 1 MiB
2026/10/05 13:16:07.943, 13.36 W, 945 MHz, 810 MHz, 0 %, 39, 1 MiB
2026/10/05 13:16:12.944, 13.46 W, 945 MHz, 810 MHz, 0 %, 39, 1 MiB
2026/10/05 13:16:17.945, 13.38 W, 945 MHz, 810 MHz, 0 %, 39, 1 MiB
2026/10/05 13:16:22.945, 13.57 W, 945 MHz, 810 MHz, 0 %, 39, 1 MiB
2026/10/05 13:16:27.946, 13.57 W, 945 MHz, 810 MHz, 0 %, 39, 1 MiB
2026/10/05 13:16:32.947, 32.98 W, 945 MHz, 10251 MHz, 0 %, 40, 9200 MiB
2026/10/05 13:16:37.947, 37.15 W, 945 MHz, 10251 MHz, 18 %, 40, 21836 MiB
2026/10/05 13:16:42.948, 95.82 W, 945 MHz, 10251 MHz, 100 %, 48, 22162 MiB
2026/10/05 13:16:47.948, 169.50 W, 945 MHz, 10251 MHz, 100 %, 46, 22162 MiB
2026/10/05 13:16:52.949, 170.69 W, 945 MHz, 10251 MHz, 100 %, 46, 22162 MiB
2026/10/05 13:16:57.950, 170.33 W, 945 MHz, 10251 MHz, 100 %, 47, 22162 MiB
2026/10/05 13:17:02.950, 176.18 W, 945 MHz, 10251 MHz, 100 %, 47, 22162 MiB
2026/10/05 13:17:07.951, 167.76 W, 945 MHz, 10251 MHz, 100 %, 49, 22162 MiB
2026/10/05 13:17:12.951, 170.59 W, 945 MHz, 10251 MHz, 100 %, 47, 22162 MiB
2026/10/05 13:17:17.952, 169.49 W, 945 MHz, 10251 MHz, 100 %, 47, 22166 MiB
2026/10/05 13:17:22.953, 169.72 W, 945 MHz, 10251 MHz, 100 %, 47, 22166 MiB
2026/10/05 13:17:27.954, 170.03 W, 945 MHz, 10251 MHz, 100 %, 50, 22166 MiB
2026/10/05 13:17:32.954, 165.12 W, 945 MHz, 10251 MHz, 100 %, 47, 22166 MiB
2026/10/05 13:17:37.955, 169.14 W, 945 MHz, 10251 MHz, 100 %, 46, 22166 MiB
2026/10/05 13:17:42.955, 169.45 W, 945 MHz, 10251 MHz, 100 %, 46, 22166 MiB
2026/10/05 13:17:47.956, 171.26 W, 945 MHz, 10251 MHz, 100 %, 46, 22166 MiB
2026/10/05 13:17:52.957, 174.35 W, 945 MHz, 10251 MHz, 100 %, 49, 22166 MiB
2026/10/05 13:17:57.958, 171.20 W, 945 MHz, 10251 MHz, 100 %, 46, 22166 MiB
2026/10/05 13:18:02.958, 170.69 W, 945 MHz, 10251 MHz, 100 %, 46, 22166 MiB
2026/10/05 13:18:07.960, 170.18 W, 945 MHz, 10251 MHz, 100 %, 46, 22166 MiB
2026/10/05 13:18:12.960, 173.46 W, 945 MHz, 10251 MHz, 100 %, 46, 22166 MiB
2026/10/05 13:18:17.961, 168.74 W, 945 MHz, 10251 MHz, 100 %, 49, 22166 MiB
2026/10/05 13:18:22.962, 169.88 W, 945 MHz, 10251 MHz, 100 %, 46, 22166 MiB
2026/10/05 13:18:27.962, 169.40 W, 945 MHz, 10251 MHz, 100 %, 46, 22166 MiB
2026/10/05 13:18:32.963, 169.10 W, 945 MHz, 10251 MHz, 100 %, 46, 22166 MiB
2026/10/05 13:18:37.964, 175.02 W, 945 MHz, 10251 MHz, 100 %, 47, 22166 MiB
2026/10/05 13:18:42.964, 166.31 W, 945 MHz, 10251 MHz, 100 %, 49, 22166 MiB
2026/10/05 13:18:47.965, 168.95 W, 945 MHz, 10251 MHz, 100 %, 46, 22166 MiB
2026/10/05 13:18:52.965, 168.07 W, 945 MHz, 10251 MHz, 100 %, 46, 22166 MiB
2026/10/05 13:18:57.966, 169.58 W, 945 MHz, 10251 MHz, 100 %, 46, 22166 MiB
2026/10/05 13:19:02.967, 172.80 W, 945 MHz, 10251 MHz, 100 %, 49, 22166 MiB
2026/10/05 13:19:07.968, 168.32 W, 945 MHz, 10251 MHz, 100 %, 48, 22166 MiB
2026/10/05 13:19:12.969, 170.36 W, 945 MHz, 10251 MHz, 100 %, 46, 22166 MiB
2026/10/05 13:19:17.969, 170.07 W, 945 MHz, 10251 MHz, 100 %, 46, 22166 MiB
2026/10/05 13:19:22.970, 172.98 W, 945 MHz, 10251 MHz, 100 %, 46, 22166 MiB
2026/10/05 13:19:27.971, 180.47 W, 945 MHz, 10251 MHz, 100 %, 49, 22166 MiB
2026/10/05 13:19:32.971, 170.32 W, 945 MHz, 10251 MHz, 100 %, 46, 22166 MiB
2026/10/05 13:19:37.972, 169.42 W, 945 MHz, 10251 MHz, 100 %, 46, 22166 MiB
2026/10/05 13:19:42.972, 168.98 W, 945 MHz, 10251 MHz, 100 %, 46, 22166 MiB
2026/10/05 13:19:47.973, 170.07 W, 945 MHz, 10251 MHz, 100 %, 46, 22166 MiB
2026/10/05 13:19:52.974, 175.64 W, 945 MHz, 10251 MHz, 100 %, 50, 22166 MiB
2026/10/05 13:19:57.974, 169.25 W, 945 MHz, 10251 MHz, 100 %, 46, 22166 MiB
2026/10/05 13:20:02.975, 168.75 W, 945 MHz, 10251 MHz, 100 %, 46, 22166 MiB
2026/10/05 13:20:07.976, 34.24 W, 945 MHz, 5001 MHz, 0 %, 41, 1 MiB
2026/10/05 13:20:12.976, 14.21 W, 945 MHz, 810 MHz, 0 %, 39, 1 MiB
2026/10/05 13:20:17.977, 13.96 W, 945 MHz, 810 MHz, 0 %, 39, 1 MiB
2026/10/05 13:20:22.981, 13.99 W, 945 MHz, 810 MHz, 0 %, 38, 1 MiB
2026/10/05 13:20:27.982, 13.63 W, 945 MHz, 810 MHz, 0 %, 38, 1 MiB
2026/10/05 13:20:32.983, 33.67 W, 945 MHz, 10251 MHz, 0 %, 38, 9200 MiB
2026/10/05 13:20:37.983, 43.02 W, 945 MHz, 10251 MHz, 0 %, 38, 21838 MiB
2026/10/05 13:20:42.984, 31.96 W, 945 MHz, 10251 MHz, 0 %, 38, 21834 MiB
2026/10/05 13:20:47.985, 71.42 W, 945 MHz, 10251 MHz, 0 %, 46, 22176 MiB
2026/10/05 13:20:52.986, 167.79 W, 945 MHz, 10251 MHz, 100 %, 45, 22176 MiB
2026/10/05 13:20:57.987, 43.09 W, 2610 MHz, 10251 MHz, 0 %, 40, 22176 MiB
2026/10/05 13:21:02.988, 43.75 W, 2610 MHz, 10251 MHz, 0 %, 40, 22176 MiB
2026/10/05 13:21:07.989, 43.96 W, 2610 MHz, 10251 MHz, 0 %, 40, 22176 MiB
2026/10/05 13:21:12.990, 29.53 W, 390 MHz, 810 MHz, 0 %, 39, 22176 MiB
2026/10/05 13:21:17.991, 10.42 W, 210 MHz, 405 MHz, 0 %, 39, 22176 MiB
2026/10/05 13:21:22.991, 10.51 W, 210 MHz, 405 MHz, 0 %, 39, 22176 MiB
2026/10/05 13:21:27.992, 10.41 W, 210 MHz, 405 MHz, 0 %, 39, 22176 MiB
2026/10/05 13:21:32.993, 10.45 W, 210 MHz, 405 MHz, 0 %, 39, 22176 MiB
2026/10/05 13:21:37.994, 10.44 W, 210 MHz, 405 MHz, 0 %, 39, 22176 MiB
2026/10/05 13:21:42.994, 10.47 W, 210 MHz, 405 MHz, 0 %, 39, 22176 MiB
2026/10/05 13:21:47.995, 10.49 W, 210 MHz, 405 MHz, 0 %, 39, 22176 MiB
2026/10/05 13:21:52.996, 10.34 W, 210 MHz, 405 MHz, 0 %, 39, 22176 MiB
2026/10/05 13:21:57.998, 43.26 W, 2610 MHz, 10251 MHz, 0 %, 40, 22176 MiB
2026/10/05 13:22:02.998, 43.16 W, 2610 MHz, 10251 MHz, 0 %, 41, 22176 MiB
2026/10/05 13:22:08.003, 43.47 W, 2610 MHz, 10251 MHz, 0 %, 41, 22176 MiB
2026/10/05 13:22:13.004, 19.41 W, 300 MHz, 405 MHz, 0 %, 39, 22176 MiB
2026/10/05 13:22:18.005, 10.43 W, 210 MHz, 405 MHz, 0 %, 39, 22176 MiB
2026/10/05 13:22:23.006, 10.39 W, 210 MHz, 405 MHz, 0 %, 39, 22176 MiB
2026/10/05 13:22:28.006, 10.48 W, 210 MHz, 405 MHz, 0 %, 39, 22176 MiB
2026/10/05 13:22:33.008, 10.48 W, 210 MHz, 405 MHz, 0 %, 39, 22176 MiB
2026/10/05 13:22:38.008, 10.38 W, 210 MHz, 405 MHz, 0 %, 39, 22176 MiB
2026/10/05 13:22:43.009, 10.41 W, 210 MHz, 405 MHz, 0 %, 39, 22176 MiB
2026/10/05 13:22:48.011, 10.47 W, 210 MHz, 405 MHz, 0 %, 39, 22176 MiB
2026/10/05 13:22:53.011, 10.41 W, 210 MHz, 405 MHz, 0 %, 39, 22176 MiB
2026/10/05 13:22:58.012, 276.11 W, 2835 MHz, 10251 MHz, 100 %, 52, 22176 MiB
2026/10/05 13:23:03.013, 48.18 W, 2610 MHz, 10251 MHz, 0 %, 42, 22176 MiB
2026/10/05 13:23:08.044, 44.14 W, 2610 MHz, 10251 MHz, 0 %, 42, 22176 MiB
2026/10/05 13:23:13.045, 44.24 W, 2610 MHz, 10251 MHz, 0 %, 42, 22176 MiB
2026/10/05 13:23:18.047, 32.75 W, 390 MHz, 810 MHz, 0 %, 41, 22176 MiB
2026/10/05 13:23:23.047, 10.35 W, 210 MHz, 405 MHz, 0 %, 40, 22176 MiB
2026/10/05 13:23:28.047, 10.37 W, 210 MHz, 405 MHz, 0 %, 40, 22176 MiB
2026/10/05 13:23:33.048, 10.35 W, 210 MHz, 405 MHz, 0 %, 40, 22176 MiB
2026/10/05 13:23:38.048, 10.38 W, 210 MHz, 405 MHz, 0 %, 40, 22176 MiB
2026/10/05 13:23:43.049, 10.44 W, 210 MHz, 405 MHz, 0 %, 40, 22176 MiB
2026/10/05 13:23:48.050, 10.48 W, 210 MHz, 405 MHz, 0 %, 40, 22176 MiB
2026/10/05 13:23:53.050, 10.47 W, 210 MHz, 405 MHz, 0 %, 40, 22176 MiB
2026/10/05 13:23:58.051, 10.41 W, 210 MHz, 405 MHz, 0 %, 40, 22176 MiB
2026/10/05 13:24:03.051, 47.73 W, 2610 MHz, 10251 MHz, 0 %, 42, 22176 MiB
2026/10/05 13:24:08.052, 44.29 W, 2610 MHz, 10251 MHz, 0 %, 42, 22176 MiB
2026/10/05 13:24:13.052, 44.25 W, 2610 MHz, 10251 MHz, 0 %, 42, 22176 MiB
2026/10/05 13:24:18.053, 22.30 W, 465 MHz, 810 MHz, 0 %, 41, 22176 MiB
2026/10/05 13:24:23.054, 10.40 W, 210 MHz, 405 MHz, 0 %, 40, 22176 MiB
2026/10/05 13:24:28.054, 10.44 W, 210 MHz, 405 MHz, 0 %, 40, 22176 MiB
2026/10/05 13:24:33.055, 10.49 W, 210 MHz, 405 MHz, 0 %, 40, 22176 MiB
2026/10/05 13:24:38.056, 10.45 W, 210 MHz, 405 MHz, 0 %, 40, 22176 MiB
2026/10/05 13:24:43.057, 10.41 W, 210 MHz, 405 MHz, 0 %, 40, 22176 MiB
2026/10/05 13:24:48.058, 10.36 W, 210 MHz, 405 MHz, 0 %, 40, 22176 MiB
2026/10/05 13:24:53.058, 10.34 W, 210 MHz, 405 MHz, 0 %, 40, 22176 MiB
2026/10/05 13:24:58.059, 10.36 W, 210 MHz, 405 MHz, 0 %, 40, 22176 MiB
2026/10/05 13:25:03.059, 274.99 W, 2835 MHz, 10251 MHz, 100 %, 53, 22176 MiB
2026/10/05 13:25:08.060, 53.35 W, 570 MHz, 5001 MHz, 0 %, 43, 1 MiB
2026/10/05 13:25:13.061, 13.22 W, 240 MHz, 405 MHz, 0 %, 41, 1 MiB
2026/10/05 13:25:18.061, 10.40 W, 210 MHz, 405 MHz, 0 %, 41, 1 MiB
2026/10/05 13:25:23.062, 10.31 W, 210 MHz, 405 MHz, 0 %, 41, 1 MiB
2026/10/05 13:25:28.063, 10.27 W, 210 MHz, 405 MHz, 0 %, 41, 1 MiB
2026/10/05 13:25:33.066, 10.25 W, 210 MHz, 405 MHz, 0 %, 40, 1 MiB
2026/10/05 13:25:38.067, 10.23 W, 210 MHz, 405 MHz, 0 %, 40, 1 MiB
2026/10/05 13:25:43.067, 44.62 W, 2610 MHz, 10251 MHz, 1 %, 42, 8198 MiB
2026/10/05 13:25:48.068, 64.20 W, 2850 MHz, 10251 MHz, 36 %, 44, 21838 MiB
2026/10/05 13:25:53.068, 339.95 W, 2835 MHz, 10251 MHz, 100 %, 56, 22162 MiB
2026/10/05 13:25:58.069, 343.50 W, 2835 MHz, 10251 MHz, 100 %, 55, 22162 MiB
2026/10/05 13:26:03.070, 278.84 W, 2835 MHz, 10251 MHz, 100 %, 56, 22162 MiB
2026/10/05 13:26:08.071, 279.93 W, 2835 MHz, 10251 MHz, 100 %, 56, 22162 MiB
2026/10/05 13:26:13.071, 280.81 W, 2835 MHz, 10251 MHz, 100 %, 56, 22162 MiB
2026/10/05 13:26:18.072, 281.42 W, 2835 MHz, 10251 MHz, 100 %, 56, 22166 MiB
2026/10/05 13:26:23.072, 282.38 W, 2835 MHz, 10251 MHz, 100 %, 60, 22166 MiB
2026/10/05 13:26:28.073, 347.59 W, 2820 MHz, 10251 MHz, 100 %, 70, 22166 MiB
2026/10/05 13:26:33.074, 413.65 W, 2835 MHz, 10251 MHz, 100 %, 58, 22166 MiB
2026/10/05 13:26:38.075, 323.72 W, 2835 MHz, 10251 MHz, 100 %, 57, 22166 MiB
2026/10/05 13:26:43.075, 281.57 W, 2835 MHz, 10251 MHz, 100 %, 57, 22166 MiB
2026/10/05 13:26:48.076, 281.93 W, 2835 MHz, 10251 MHz, 100 %, 57, 22166 MiB
2026/10/05 13:26:53.076, 281.51 W, 2835 MHz, 10251 MHz, 100 %, 57, 22166 MiB
2026/10/05 13:26:58.077, 282.13 W, 2835 MHz, 10251 MHz, 100 %, 57, 22166 MiB
2026/10/05 13:27:03.077, 281.74 W, 2835 MHz, 10251 MHz, 100 %, 56, 22166 MiB
2026/10/05 13:27:08.078, 370.02 W, 2820 MHz, 10251 MHz, 100 %, 72, 22166 MiB
2026/10/05 13:27:13.078, 410.73 W, 2835 MHz, 10251 MHz, 100 %, 59, 22166 MiB
2026/10/05 13:27:18.079, 333.35 W, 2835 MHz, 10251 MHz, 100 %, 58, 22166 MiB
2026/10/05 13:27:23.080, 281.01 W, 2835 MHz, 10251 MHz, 100 %, 58, 22166 MiB
2026/10/05 13:27:28.080, 281.80 W, 2835 MHz, 10251 MHz, 100 %, 58, 22166 MiB
2026/10/05 13:27:33.081, 282.69 W, 2835 MHz, 10251 MHz, 100 %, 58, 22166 MiB
2026/10/05 13:27:38.082, 283.15 W, 2835 MHz, 10251 MHz, 100 %, 58, 22166 MiB
2026/10/05 13:27:43.082, 299.79 W, 2820 MHz, 10251 MHz, 100 %, 68, 22166 MiB
2026/10/05 13:27:48.083, 412.07 W, 2820 MHz, 10251 MHz, 100 %, 72, 22166 MiB
2026/10/05 13:27:53.086, 389.73 W, 2835 MHz, 10251 MHz, 100 %, 59, 22166 MiB
2026/10/05 13:27:58.087, 288.48 W, 2835 MHz, 10251 MHz, 100 %, 59, 22166 MiB
2026/10/05 13:28:03.087, 283.14 W, 2835 MHz, 10251 MHz, 100 %, 58, 22166 MiB
2026/10/05 13:28:08.088, 283.07 W, 2835 MHz, 10251 MHz, 100 %, 58, 22166 MiB
2026/10/05 13:28:13.088, 282.80 W, 2835 MHz, 10251 MHz, 100 %, 59, 22166 MiB
2026/10/05 13:28:18.089, 38.16 W, 390 MHz, 5001 MHz, 0 %, 45, 1 MiB
2026/10/05 13:28:23.090, 11.71 W, 210 MHz, 405 MHz, 0 %, 43, 1 MiB
2026/10/05 13:28:28.090, 11.04 W, 210 MHz, 405 MHz, 0 %, 42, 1 MiB
2026/10/05 13:28:33.091, 11.00 W, 210 MHz, 405 MHz, 0 %, 42, 1 MiB
2026/10/05 13:28:38.092, 10.88 W, 210 MHz, 405 MHz, 0 %, 41, 1 MiB
2026/10/05 13:28:43.092, 48.79 W, 2850 MHz, 10251 MHz, 46 %, 43, 9200 MiB
2026/10/05 13:28:48.093, 88.66 W, 2850 MHz, 10251 MHz, 0 %, 43, 21834 MiB
2026/10/05 13:28:53.093, 44.06 W, 2610 MHz, 10251 MHz, 0 %, 41, 21834 MiB
2026/10/05 13:28:58.094, 368.71 W, 2820 MHz, 10251 MHz, 100 %, 60, 22176 MiB
2026/10/05 13:29:03.095, 81.91 W, 2850 MHz, 10251 MHz, 0 %, 43, 22176 MiB
2026/10/05 13:29:08.096, 44.44 W, 2610 MHz, 10251 MHz, 0 %, 41, 22176 MiB
2026/10/05 13:29:13.097, 43.72 W, 2610 MHz, 10251 MHz, 0 %, 40, 22176 MiB
2026/10/05 13:29:18.098, 43.32 W, 2610 MHz, 10251 MHz, 0 %, 40, 22176 MiB
2026/10/05 13:29:23.098, 42.61 W, 2610 MHz, 10251 MHz, 0 %, 40, 22176 MiB
2026/10/05 13:29:28.099, 42.40 W, 2610 MHz, 10251 MHz, 0 %, 39, 22176 MiB
2026/10/05 13:29:33.101, 41.99 W, 2610 MHz, 10251 MHz, 0 %, 39, 22176 MiB
2026/10/05 13:29:38.102, 42.05 W, 2610 MHz, 10251 MHz, 0 %, 39, 22176 MiB
2026/10/05 13:29:43.102, 41.95 W, 2610 MHz, 10251 MHz, 0 %, 39, 22176 MiB
2026/10/05 13:29:48.103, 54.87 W, 2850 MHz, 10501 MHz, 0 %, 40, 1 MiB
2026/10/05 13:29:53.104, 12.77 W, 225 MHz, 405 MHz, 0 %, 37, 1 MiB
2026/10/05 13:29:58.105, 10.42 W, 210 MHz, 405 MHz, 0 %, 37, 1 MiB
2026/10/05 13:30:03.106, 10.40 W, 210 MHz, 405 MHz, 0 %, 37, 1 MiB
2026/10/05 13:30:08.106, 10.36 W, 210 MHz, 405 MHz, 0 %, 37, 1 MiB
2026/10/05 13:30:13.107, 10.35 W, 210 MHz, 405 MHz, 0 %, 37, 1 MiB
2026/10/05 13:30:18.107, 10.35 W, 210 MHz, 405 MHz, 0 %, 37, 1 MiB
2026/10/05 13:30:23.108, 10.26 W, 210 MHz, 405 MHz, 0 %, 37, 1 MiB
2026/10/05 13:30:28.109, 10.30 W, 210 MHz, 405 MHz, 0 %, 37, 1 MiB
2026/10/05 13:30:33.109, 10.26 W, 210 MHz, 405 MHz, 0 %, 37, 1 MiB
2026/10/05 13:30:38.110, 10.27 W, 210 MHz, 405 MHz, 0 %, 37, 1 MiB
2026/10/05 13:30:43.110, 19.92 W, 2610 MHz, 10251 MHz, 1 %, 39, 1682 MiB
2026/10/05 13:30:48.111, 59.37 W, 2850 MHz, 10251 MHz, 30 %, 44, 9568 MiB
2026/10/05 13:30:53.112, 46.64 W, 2610 MHz, 10251 MHz, 0 %, 40, 21834 MiB
2026/10/05 13:30:58.112, 73.33 W, 2850 MHz, 10251 MHz, 0 %, 41, 22034 MiB
2026/10/05 13:31:03.113, 42.79 W, 2610 MHz, 10251 MHz, 0 %, 40, 22034 MiB
2026/10/05 13:31:08.114, 106.80 W, 2850 MHz, 10251 MHz, 100 %, 57, 22176 MiB
2026/10/05 13:31:13.115, 113.97 W, 2850 MHz, 10251 MHz, 0 %, 43, 22176 MiB
2026/10/05 13:31:18.116, 44.17 W, 2610 MHz, 10251 MHz, 0 %, 41, 22176 MiB
